"STATION","NAME","LATITUDE","LONGITUDE","ELEVATION","DATE","PRCP","TAVG","TMAX","TMIN"
"BR00E3-0520","SAO PAULO AEROPORT, BR","-23.617","-46.65","802.0","2020-01-01","0.00","79",,
"BR00E3-0520","SAO PAULO AEROPORT, BR","-23.617","-46.65","802.0","2020-01-02","0.04","73","90",
"BR00E3-0520","SAO PAULO AEROPORT, BR","-23.617","-46.65","802.0","2020-01-03","0.16","69","83",
"BR00E3-0520","SAO PAULO AEROPORT, BR","-23.617","-46.65","802.0","2020-01-04","0.00","69",,"66"
"BR00E3-0520","SAO PAULO AEROPORT, BR","-23.617","-46.65","802.0","2020-01-05","0.04","69","78","66"
"BR00E3-0520","SAO PAULO AEROPORT, BR","-23.617","-46.65","802.0","2020-01-06","0.24","74",,
"BR00E3-0520","SAO PAULO AEROPORT, BR","-23.617","-46.65","802.0","2020-01-07","0.00","80",,
"BR00E3-0520","SAO PAULO AEROPORT, BR","-23.617","-46.65","802.0","2020-01-08","1.22","75","88",
"BR00E3-0520","SAO PAULO AEROPORT, BR","-23.617","-46.65","802.0","2020-01-09","0.98","75","86","68"
"BR00E3-0520","SAO PAULO AEROPORT, BR","-23.617","-46.65","802.0","2020-01-10","0.00","78",,"73"
"BR00E3-0520","SAO PAULO AEROPORT, BR","-23.617","-46.65","802.0","2020-01-11","0.00","81",,"75"
"BR00E3-0520","SAO PAULO AEROPORT, BR","-23.617","-46.65","802.0","2020-01-12","0.00","76","90",
"BR00E3-0520","SAO PAULO AEROPORT, BR","-23.617","-46.65","802.0","2020-01-13","0.04","71","80",
"BR00E3-0520","SAO PAULO AEROPORT, BR","-23.617","-46.65","802.0","2020-01-14","0.00","70",,"66"
"BR00E3-0520","SAO PAULO AEROPORT, BR","-23.617","-46.65","802.0","2020-01-15","0.00","76",,"69"
"BR00E3-0520","SAO PAULO AEROPORT, BR","-23.617","-46.65","802.0","2020-01-16","0.00","80",,
"BR00E3-0520","SAO PAULO AEROPORT, BR","-23.617","-46.65","802.0","2020-01-17","1.26","68","91",
"BR00E3-0520","SAO PAULO AEROPORT, BR","-23.617","-46.65","802.0","2020-01-18","0.00","67",,
"BR00E3-0520","SAO PAULO AEROPORT, BR","-23.617","-46.65","802.0","2020-01-19","0.00","69",,"66"
"BR00E3-0520","SAO PAULO AEROPORT, BR","-23.617","-46.65","802.0","2020-01-20","0.00","70",,
"BR00E3-0520","SAO PAULO AEROPORT, BR","-23.617","-46.65","802.0","2020-01-21","0.00","69",,
"BR00E3-0520","SAO PAULO AEROPORT, BR","-23.617","-46.65","802.0","2020-01-22","0.00","68","78",
"BR00E3-0520","SAO PAULO AEROPORT, BR","-23.617","-46.65","802.0","2020-01-23","0.00","67","76","66"
"BR00E3-0520","SAO PAULO AEROPORT, BR","-23.617","-46.65","802.0","2020-01-24","0.04","67",,"63"
"BR00E3-0520","SAO PAULO AEROPORT, BR","-23.617","-46.65","802.0","2020-01-25","0.08","68",,"62"
"BR00E3-0520","SAO PAULO AEROPORT, BR","-23.617","-46.65","802.0","2020-01-26","0.00","73",,
"BR00E3-0520","SAO PAULO AEROPORT, BR","-23.617","-46.65","802.0","2020-01-27","0.00","76",,
"BR00E3-0520","SAO PAULO AEROPORT, BR","-23.617","-46.65","802.0","2020-01-28","0.00","77","89","70"
"BR00E3-0520","SAO PAULO AEROPORT, BR","-23.617","-46.65","802.0","2020-01-29","0.00","77",,"69"
"BR00E3-0520","SAO PAULO AEROPORT, BR","-23.617","-46.65","802.0","2020-01-30","0.00","77",,
"BR00E3-0520","SAO PAULO AEROPORT, BR","-23.617","-46.65","802.0","2020-01-31","0.35","76","87","71"
"BR00E3-0520","SAO PAULO AEROPORT, BR","-23.617","-46.65","802.0","2020-02-01","0.16","74","82","71"
"BR00E3-0520","SAO PAULO AEROPORT, BR","-23.617","-46.65","802.0","2020-02-02","0.47","72","82",
"BR00E3-0520","SAO PAULO AEROPORT, BR","-23.617","-46.65","802.0","2020-02-03","0.00","70","78",
"BR00E3-0520","SAO PAULO AEROPORT, BR","-23.617","-46.65","802.0","2020-02-04","0.31","70","77","66"
"BR00E3-0520","SAO PAULO AEROPORT, BR","-23.617","-46.65","802.0","2020-02-05","0.08","72",,"69"
"BR00E3-0520","SAO PAULO AEROPORT, BR","-23.617","-46.65","802.0","2020-02-06","0.16","73",,
"BR00E3-0520","SAO PAULO AEROPORT, BR","-23.617","-46.65","802.0","2020-02-07","0.20","74",,"70"
"BR00E3-0520","SAO PAULO AEROPORT, BR","-23.617","-46.65","802.0","2020-02-08","0.04","75",,
"BR00E3-0520","SAO PAULO AEROPORT, BR","-23.617","-46.65","802.0","2020-02-09","0.00","76",,
"BR00E3-0520","SAO PAULO AEROPORT, BR","-23.617","-46.65","802.0","2020-02-10","0.31","67","83",
"BR00E3-0520","SAO PAULO AEROPORT, BR","-23.617","-46.65","802.0","2020-02-11","0.00","65",,
"BR00E3-0520","SAO PAULO AEROPORT, BR","-23.617","-46.65","802.0","2020-02-12","0.00","65","69",
"BR00E3-0520","SAO PAULO AEROPORT, BR","-23.617","-46.65","802.0","2020-02-13","0.00","69",,"63"
"BR00E3-0520","SAO PAULO AEROPORT, BR","-23.617","-46.65","802.0","2020-02-14","0.00","69",,"62"
"BR00E3-0520","SAO PAULO AEROPORT, BR","-23.617","-46.65","802.0","2020-02-15","0.00","74",,"66"
"BR00E3-0520","SAO PAULO AEROPORT, BR","-23.617","-46.65","802.0","2020-02-16","0.00","75",,"70"
"BR00E3-0520","SAO PAULO AEROPORT, BR","-23.617","-46.65","802.0","2020-02-17",,"76",,
"BR00E3-0520","SAO PAULO AEROPORT, BR","-23.617","-46.65","802.0","2020-02-18","0.00","78",,
"BR00E3-0520","SAO PAULO AEROPORT, BR","-23.617","-46.65","802.0","2020-02-19",,"77",,
"BR00E3-0520","SAO PAULO AEROPORT, BR","-23.617","-46.65","802.0","2020-02-20","0.71","77","87",
"BR00E3-0520","SAO PAULO AEROPORT, BR","-23.617","-46.65","802.0","2020-02-21","0.00","72","86",
"BR00E3-0520","SAO PAULO AEROPORT, BR","-23.617","-46.65","802.0","2020-02-22","0.04","66","74",
"BR00E3-0520","SAO PAULO AEROPORT, BR","-23.617","-46.65","802.0","2020-02-23","0.00","64",,
"BR00E3-0520","SAO PAULO AEROPORT, BR","-23.617","-46.65","802.0","2020-02-24",,"69",,
"BR00E3-0520","SAO PAULO AEROPORT, BR","-23.617","-46.65","802.0","2020-02-25","0.39","73",,
"BR00E3-0520","SAO PAULO AEROPORT, BR","-23.617","-46.65","802.0","2020-02-26","0.47","72","84","68"
"BR00E3-0520","SAO PAULO AEROPORT, BR","-23.617","-46.65","802.0","2020-02-27","1.54","64","77","61"
"BR00E3-0520","SAO PAULO AEROPORT, BR","-23.617","-46.65","802.0","2020-02-28","0.00","64","69","62"
"BR00E3-0520","SAO PAULO AEROPORT, BR","-23.617","-46.65","802.0","2020-02-29",,"68",,
"BR00E3-0520","SAO PAULO AEROPORT, BR","-23.617","-46.65","802.0","2020-03-01","0.00","65","73","62"
"BR00E3-0520","SAO PAULO AEROPORT, BR","-23.617","-46.65","802.0","2020-03-02","0.12","67",,
"BR00E3-0520","SAO PAULO AEROPORT, BR","-23.617","-46.65","802.0","2020-03-03","0.00","65","73",
"BR00E3-0520","SAO PAULO AEROPORT, BR","-23.617","-46.65","802.0","2020-03-04",,"66",,
"BR00E3-0520","SAO PAULO AEROPORT, BR","-23.617","-46.65","802.0","2020-03-05","0.00","66",,
"BR00E3-0520","SAO PAULO AEROPORT, BR","-23.617","-46.65","802.0","2020-03-06","0.00","66","75","60"
"BR00E3-0520","SAO PAULO AEROPORT, BR","-23.617","-46.65","802.0","2020-03-07",,"67",,
"BR00E3-0520","SAO PAULO AEROPORT, BR","-23.617","-46.65","802.0","2020-03-08","0.00","67",,
"BR00E3-0520","SAO PAULO AEROPORT, BR","-23.617","-46.65","802.0","2020-03-09",,"71",,
"BR00E3-0520","SAO PAULO AEROPORT, BR","-23.617","-46.65","802.0","2020-03-10",,"73",,
"BR00E3-0520","SAO PAULO AEROPORT, BR","-23.617","-46.65","802.0","2020-03-11",,"73","84",
"BR00E3-0520","SAO PAULO AEROPORT, BR","-23.617","-46.65","802.0","2020-03-12",,"71",,
"BR00E3-0520","SAO PAULO AEROPORT, BR","-23.617","-46.65","802.0","2020-03-13",,"72",,
"BR00E3-0520","SAO PAULO AEROPORT, BR","-23.617","-46.65","802.0","2020-03-14",,"76","91",
"BR00E3-0520","SAO PAULO AEROPORT, BR","-23.617","-46.65","802.0","2020-03-15","0.00","76",,
"BR00E3-0520","SAO PAULO AEROPORT, BR","-23.617","-46.65","802.0","2020-03-16","0.00","77","88","71"
"BR00E3-0520","SAO PAULO AEROPORT, BR","-23.617","-46.65","802.0","2020-03-17","0.00","74",,
"BR00E3-0520","SAO PAULO AEROPORT, BR","-23.617","-46.65","802.0","2020-03-18","0.00","74",,"68"
"BR00E3-0520","SAO PAULO AEROPORT, BR","-23.617","-46.65","802.0","2020-03-19","0.20","76",,"72"
"BR00E3-0520","SAO PAULO AEROPORT, BR","-23.617","-46.65","802.0","2020-03-20","0.00","73","83","69"
"BR00E3-0520","SAO PAULO AEROPORT, BR","-23.617","-46.65","802.0","2020-03-21","0.00","69","80",
"BR00E3-0520","SAO PAULO AEROPORT, BR","-23.617","-46.65","802.0","2020-03-22","0.00","68",,
"BR00E3-0520","SAO PAULO AEROPORT, BR","-23.617","-46.65","802.0","2020-03-23","0.00","68",,"63"
"BR00E3-0520","SAO PAULO AEROPORT, BR","-23.617","-46.65","802.0","2020-03-24","0.00","67","76","62"
"BR00E3-0520","SAO PAULO AEROPORT, BR","-23.617","-46.65","802.0","2020-03-25","0.00","67","75",
"BR00E3-0520","SAO PAULO AEROPORT, BR","-23.617","-46.65","802.0","2020-03-26","0.00","67",,
"BR00E3-0520","SAO PAULO AEROPORT, BR","-23.617","-46.65","802.0","2020-03-27","0.00","68",,"62"
"BR00E3-0520","SAO PAULO AEROPORT, BR","-23.617","-46.65","802.0","2020-03-28","0.00","71",,
"BR00E3-0520","SAO PAULO AEROPORT, BR","-23.617","-46.65","802.0","2020-03-29","0.00","72","83",
"BR00E3-0520","SAO PAULO AEROPORT, BR","-23.617","-46.65","802.0","2020-03-30","1.30","72","82","67"
"BR00E3-0520","SAO PAULO AEROPORT, BR","-23.617","-46.65","802.0","2020-03-31","0.00","71","81","64"
"BR00E3-0520","SAO PAULO AEROPORT, BR","-23.617","-46.65","802.0","2020-04-01","0.00","70","80","64"
"BR00E3-0520","SAO PAULO AEROPORT, BR","-23.617","-46.65","802.0","2020-04-02","0.00","75",,"67"
"BR00E3-0520","SAO PAULO AEROPORT, BR","-23.617","-46.65","802.0","2020-04-03","0.04","74","86",
"BR00E3-0520","SAO PAULO AEROPORT, BR","-23.617","-46.65","802.0","2020-04-04","0.00","67","83",
"BR00E3-0520","SAO PAULO AEROPORT, BR","-23.617","-46.65","802.0","2020-04-05","0.00","67",,
"BR00E3-0520","SAO PAULO AEROPORT, BR","-23.617","-46.65","802.0","2020-04-06","0.00","73",,
"BR00E3-0520","SAO PAULO AEROPORT, BR","-23.617","-46.65","802.0","2020-04-07","0.00","70",,
"BR00E3-0520","SAO PAULO AEROPORT, BR","-23.617","-46.65","802.0","2020-04-08",,"64","73",
"BR00E3-0520","SAO PAULO AEROPORT, BR","-23.617","-46.65","802.0","2020-04-09","0.00","63",,"57"
"BR00E3-0520","SAO PAULO AEROPORT, BR","-23.617","-46.65","802.0","2020-04-10",,"63",,
"BR00E3-0520","SAO PAULO AEROPORT, BR","-23.617","-46.65","802.0","2020-04-11","0.00","64","73","60"
"BR00E3-0520","SAO PAULO AEROPORT, BR","-23.617","-46.65","802.0","2020-04-12",,"65",,
"BR00E3-0520","SAO PAULO AEROPORT, BR","-23.617","-46.65","802.0","2020-04-13","0.00","65",,
"BR00E3-0520","SAO PAULO AEROPORT, BR","-23.617","-46.65","802.0","2020-04-14",,"67",,
"BR00E3-0520","SAO PAULO AEROPORT, BR","-23.617","-46.65","802.0","2020-04-15","0.00","69",,"63"
"BR00E3-0520","SAO PAULO AEROPORT, BR","-23.617","-46.65","802.0","2020-04-16","0.00","67",,
"BR00E3-0520","SAO PAULO AEROPORT, BR","-23.617","-46.65","802.0","2020-04-17",,"63",,
"BR00E3-0520","SAO PAULO AEROPORT, BR","-23.617","-46.65","802.0","2020-04-18","0.00","64",,
"BR00E3-0520","SAO PAULO AEROPORT, BR","-23.617","-46.65","802.0","2020-04-19","0.00","65",,
"BR00E3-0520","SAO PAULO AEROPORT, BR","-23.617","-46.65","802.0","2020-04-20","0.00","65",,"57"
"BR00E3-0520","SAO PAULO AEROPORT, BR","-23.617","-46.65","802.0","2020-04-21","0.00","66",,"58"
"BR00E3-0520","SAO PAULO AEROPORT, BR","-23.617","-46.65","802.0","2020-04-22","0.00","65","77",
"BR00E3-0520","SAO PAULO AEROPORT, BR","-23.617","-46.65","802.0","2020-04-23","0.00","65","74","58"
"BR00E3-0520","SAO PAULO AEROPORT, BR","-23.617","-46.65","802.0","2020-04-24",,"67",,
"BR00E3-0520","SAO PAULO AEROPORT, BR","-23.617","-46.65","802.0","2020-04-25",,"70",,
"BR00E3-0520","SAO PAULO AEROPORT, BR","-23.617","-46.65","802.0","2020-04-26","0.00","71","82",
"BR00E3-0520","SAO PAULO AEROPORT, BR","-23.617","-46.65","802.0","2020-04-27","0.00","67","80",
"BR00E3-0520","SAO PAULO AEROPORT, BR","-23.617","-46.65","802.0","2020-04-28",,"68",,
"BR00E3-0520","SAO PAULO AEROPORT, BR","-23.617","-46.65","802.0","2020-04-29","0.00","69",,"62"
"BR00E3-0520","SAO PAULO AEROPORT, BR","-23.617","-46.65","802.0","2020-04-30",,"71",,
"BR00E3-0520","SAO PAULO AEROPORT, BR","-23.617","-46.65","802.0","2020-05-01","0.00","70",,"62"
"BR00E3-0520","SAO PAULO AEROPORT, BR","-23.617","-46.65","802.0","2020-05-02","0.00","69","81",
"BR00E3-0520","SAO PAULO AEROPORT, BR","-23.617","-46.65","802.0","2020-05-03","0.00","62","77",
"BR00E3-0520","SAO PAULO AEROPORT, BR","-23.617","-46.65","802.0","2020-05-04","0.00","62",,"57"
"BR00E3-0520","SAO PAULO AEROPORT, BR","-23.617","-46.65","802.0","2020-05-05","0.00","67",,
"BR00E3-0520","SAO PAULO AEROPORT, BR","-23.617","-46.65","802.0","2020-05-06","0.00","69","79",
"BR00E3-0520","SAO PAULO AEROPORT, BR","-23.617","-46.65","802.0","2020-05-07","0.20","57","79",
"BR00E3-0520","SAO PAULO AEROPORT, BR","-23.617","-46.65","802.0","2020-05-08","0.00","58",,"55"
"BR00E3-0520","SAO PAULO AEROPORT, BR","-23.617","-46.65","802.0","2020-05-09",,"62",,
"BR00E3-0520","SAO PAULO AEROPORT, BR","-23.617","-46.65","802.0","2020-05-10","0.00","64",,
"BR00E3-0520","SAO PAULO AEROPORT, BR","-23.617","-46.65","802.0","2020-05-11",,"66",,
"BR00E3-0520","SAO PAULO AEROPORT, BR","-23.617","-46.65","802.0","2020-05-12",,"67",,
"BR00E3-0520","SAO PAULO AEROPORT, BR","-23.617","-46.65","802.0","2020-05-13","0.00","67","79",
"BR00E3-0520","SAO PAULO AEROPORT, BR","-23.617","-46.65","802.0","2020-05-14",,"65",,
"BR00E3-0520","SAO PAULO AEROPORT, BR","-23.617","-46.65","802.0","2020-05-15","0.00","60","69",
"BR00E3-0520","SAO PAULO AEROPORT, BR","-23.617","-46.65","802.0","2020-05-16",,"63",,
"BR00E3-0520","SAO PAULO AEROPORT, BR","-23.617","-46.65","802.0","2020-05-17","0.00","63",,"53"
"BR00E3-0520","SAO PAULO AEROPORT, BR","-23.617","-46.65","802.0","2020-05-18","0.00","62",,
"BR00E3-0520","SAO PAULO AEROPORT, BR","-23.617","-46.65","802.0","2020-05-19","0.00","64","76",
"BR00E3-0520","SAO PAULO AEROPORT, BR","-23.617","-46.65","802.0","2020-05-20","0.00","66",,
"BR00E3-0520","SAO PAULO AEROPORT, BR","-23.617","-46.65","802.0","2020-05-21","0.00","68","78","61"
"BR00E3-0520","SAO PAULO AEROPORT, BR","-23.617","-46.65","802.0","2020-05-22","0.00","71",,
"BR00E3-0520","SAO PAULO AEROPORT, BR","-23.617","-46.65","802.0","2020-05-23","0.00","69","79",
"BR00E3-0520","SAO PAULO AEROPORT, BR","-23.617","-46.65","802.0","2020-05-24","0.00","56","69",
"BR00E3-0520","SAO PAULO AEROPORT, BR","-23.617","-46.65","802.0","2020-05-25",,"58",,
"BR00E3-0520","SAO PAULO AEROPORT, BR","-23.617","-46.65","802.0","2020-05-26","0.00","58",,
"BR00E3-0520","SAO PAULO AEROPORT, BR","-23.617","-46.65","802.0","2020-05-27",,"58",,
"BR00E3-0520","SAO PAULO AEROPORT, BR","-23.617","-46.65","802.0","2020-05-28","0.00","57",,
"BR00E3-0520","SAO PAULO AEROPORT, BR","-23.617","-46.65","802.0","2020-05-29",,"61",,
"BR00E3-0520","SAO PAULO AEROPORT, BR","-23.617","-46.65","802.0","2020-05-30","0.00","64",,
"BR00E3-0520","SAO PAULO AEROPORT, BR","-23.617","-46.65","802.0","2020-05-31",,"64","77",
"BR00E3-0520","SAO PAULO AEROPORT, BR","-23.617","-46.65","802.0","2020-06-01","0.00","65",,"56"
"BR00E3-0520","SAO PAULO AEROPORT, BR","-23.617","-46.65","802.0","2020-06-02","0.00","62","78",
"BR00E3-0520","SAO PAULO AEROPORT, BR","-23.617","-46.65","802.0","2020-06-03","0.08","63",,
"BR00E3-0520","SAO PAULO AEROPORT, BR","-23.617","-46.65","802.0","2020-06-04","0.00","64",,
"BR00E3-0520","SAO PAULO AEROPORT, BR","-23.617","-46.65","802.0","2020-06-05","0.04","66",,
"BR00E3-0520","SAO PAULO AEROPORT, BR","-23.617","-46.65","802.0","2020-06-06","0.00","69",,
"BR00E3-0520","SAO PAULO AEROPORT, BR","-23.617","-46.65","802.0","2020-06-07","0.79","69","75","64"
"BR00E3-0520","SAO PAULO AEROPORT, BR","-23.617","-46.65","802.0","2020-06-08","0.00","69",,
"BR00E3-0520","SAO PAULO AEROPORT, BR","-23.617","-46.65","802.0","2020-06-09","0.00","70",,
"BR00E3-0520","SAO PAULO AEROPORT, BR","-23.617","-46.65","802.0","2020-06-10",,"71",,
"BR00E3-0520","SAO PAULO AEROPORT, BR","-23.617","-46.65","802.0","2020-06-11","0.00","74",,
"BR00E3-0520","SAO PAULO AEROPORT, BR","-23.617","-46.65","802.0","2020-06-12",,"73",,
"BR00E3-0520","SAO PAULO AEROPORT, BR","-23.617","-46.65","802.0","2020-06-13","0.00","72",,
"BR00E3-0520","SAO PAULO AEROPORT, BR","-23.617","-46.65","802.0","2020-06-14","0.00","62","82",
"BR00E3-0520","SAO PAULO AEROPORT, BR","-23.617","-46.65","802.0","2020-06-15","0.00","62",,"57"
"BR00E3-0520","SAO PAULO AEROPORT, BR","-23.617","-46.65","802.0","2020-06-16","0.00","64",,
"BR00E3-0520","SAO PAULO AEROPORT, BR","-23.617","-46.65","802.0","2020-06-17","0.00","66",,
"BR00E3-0520","SAO PAULO AEROPORT, BR","-23.617","-46.65","802.0","2020-06-18","0.00","65",,
"BR00E3-0520","SAO PAULO AEROPORT, BR","-23.617","-46.65","802.0","2020-06-19","0.00","69",,"61"
"BR00E3-0520","SAO PAULO AEROPORT, BR","-23.617","-46.65","802.0","2020-06-20","0.00","69",,
"BR00E3-0520","SAO PAULO AEROPORT, BR","-23.617","-46.65","802.0","2020-06-21","0.00","71",,
"BR00E3-0520","SAO PAULO AEROPORT, BR","-23.617","-46.65","802.0","2020-06-22","0.00","70","80",
"BR00E3-0520","SAO PAULO AEROPORT, BR","-23.617","-46.65","802.0","2020-06-23",,"68","79",
"BR00E3-0520","SAO PAULO AEROPORT, BR","-23.617","-46.65","802.0","2020-06-24",,"67",,
"BR00E3-0520","SAO PAULO AEROPORT, BR","-23.617","-46.65","802.0","2020-06-25","0.00","70",,
"BR00E3-0520","SAO PAULO AEROPORT, BR","-23.617","-46.65","802.0","2020-06-26","0.00","64","79",
"BR00E3-0520","SAO PAULO AEROPORT, BR","-23.617","-46.65","802.0","2020-06-27","0.94","58","65",
"BR00E3-0520","SAO PAULO AEROPORT, BR","-23.617","-46.65","802.0","2020-06-28","0.67","57",,"53"
"BR00E3-0520","SAO PAULO AEROPORT, BR","-23.617","-46.65","802.0","2020-06-29","0.00","59",,
"BR00E3-0520","SAO PAULO AEROPORT, BR","-23.617","-46.65","802.0","2020-06-30","0.00","65",,"57"
"BR00E3-0520","SAO PAULO AEROPORT, BR","-23.617","-46.65","802.0","2020-07-01","0.04","66","75",
"BR00E3-0520","SAO PAULO AEROPORT, BR","-23.617","-46.65","802.0","2020-07-02","0.00","57","67",
"BR00E3-0520","SAO PAULO AEROPORT, BR","-23.617","-46.65","802.0","2020-07-03","0.00","56",,
"BR00E3-0520","SAO PAULO AEROPORT, BR","-23.617","-46.65","802.0","2020-07-04","0.00","61",,
"BR00E3-0520","SAO PAULO AEROPORT, BR","-23.617","-46.65","802.0","2020-07-05","0.00","65",,
"BR00E3-0520","SAO PAULO AEROPORT, BR","-23.617","-46.65","802.0","2020-07-06","0.00","69","79",
"BR00E3-0520","SAO PAULO AEROPORT, BR","-23.617","-46.65","802.0","2020-07-07","0.00","70",,"63"
"BR00E3-0520","SAO PAULO AEROPORT, BR","-23.617","-46.65","802.0","2020-07-08","0.00","72","81",
"BR00E3-0520","SAO PAULO AEROPORT, BR","-23.617","-46.65","802.0","2020-07-09","0.00","67","79",
"BR00E3-0520","SAO PAULO AEROPORT, BR","-23.617","-46.65","802.0","2020-07-10","0.00","60","73",
"BR00E3-0520","SAO PAULO AEROPORT, BR","-23.617","-46.65","802.0","2020-07-11","0.00","67",,"59"
"BR00E3-0520","SAO PAULO AEROPORT, BR","-23.617","-46.65","802.0","2020-07-12","0.00","71",,
"BR00E3-0520","SAO PAULO AEROPORT, BR","-23.617","-46.65","802.0","2020-07-13","0.00","72",,
"BR00E3-0520","SAO PAULO AEROPORT, BR","-23.617","-46.65","802.0","2020-07-14","0.00","63","81",
"BR00E3-0520","SAO PAULO AEROPORT, BR","-23.617","-46.65","802.0","2020-07-15","0.00","57","64",
"BR00E3-0520","SAO PAULO AEROPORT, BR","-23.617","-46.65","802.0","2020-07-16",,"59",,
"BR00E3-0520","SAO PAULO AEROPORT, BR","-23.617","-46.65","802.0","2020-07-17","0.00","63",,"57"
"BR00E3-0520","SAO PAULO AEROPORT, BR","-23.617","-46.65","802.0","2020-07-18",,"66",,
"BR00E3-0520","SAO PAULO AEROPORT, BR","-23.617","-46.65","802.0","2020-07-19","0.00","66",,
"BR00E3-0520","SAO PAULO AEROPORT, BR","-23.617","-46.65","802.0","2020-07-20",,"67",,
"BR00E3-0520","SAO PAULO AEROPORT, BR","-23.617","-46.65","802.0","2020-07-21","0.00","68",,"58"
"BR00E3-0520","SAO PAULO AEROPORT, BR","-23.617","-46.65","802.0","2020-07-22",,"68",,
"BR00E3-0520","SAO PAULO AEROPORT, BR","-23.617","-46.65","802.0","2020-07-23","0.00","69","80",
"BR00E3-0520","SAO PAULO AEROPORT, BR","-23.617","-46.65","802.0","2020-07-24","0.00","69",,
"BR00E3-0520","SAO PAULO AEROPORT, BR","-23.617","-46.65","802.0","2020-07-25",,"70",,
"BR00E3-0520","SAO PAULO AEROPORT, BR","-23.617","-46.65","802.0","2020-07-26",,"62","80",
"BR00E3-0520","SAO PAULO AEROPORT, BR","-23.617","-46.65","802.0","2020-07-27",,"67",,
"BR00E3-0520","SAO PAULO AEROPORT, BR","-23.617","-46.65","802.0","2020-07-28","0.00","72",,
"BR00E3-0520","SAO PAULO AEROPORT, BR","-23.617","-46.65","802.0","2020-07-29","0.00","60","82",
"BR00E3-0520","SAO PAULO AEROPORT, BR","-23.617","-46.65","802.0","2020-07-30","0.00","57","62",
"BR00E3-0520","SAO PAULO AEROPORT, BR","-23.617","-46.65","802.0","2020-07-31","0.00","59",,
"BR00E3-0520","SAO PAULO AEROPORT, BR","-23.617","-46.65","802.0","2020-08-01",,"61",,
"BR00E3-0520","SAO PAULO AEROPORT, BR","-23.617","-46.65","802.0","2020-08-02","0.00","61",,
"BR00E3-0520","SAO PAULO AEROPORT, BR","-23.617","-46.65","802.0","2020-08-03",,"61","71",
"BR00E3-0520","SAO PAULO AEROPORT, BR","-23.617","-46.65","802.0","2020-08-04","0.00","60",,
"BR00E3-0520","SAO PAULO AEROPORT, BR","-23.617","-46.65","802.0","2020-08-05",,"60",,
"BR00E3-0520","SAO PAULO AEROPORT, BR","-23.617","-46.65","802.0","2020-08-06","0.00","61","73",
"BR00E3-0520","SAO PAULO AEROPORT, BR","-23.617","-46.65","802.0","2020-08-07",,"62",,
"BR00E3-0520","SAO PAULO AEROPORT, BR","-23.617","-46.65","802.0","2020-08-08",,"64",,
"BR00E3-0520","SAO PAULO AEROPORT, BR","-23.617","-46.65","802.0","2020-08-09","0.00","64","77",
"BR00E3-0520","SAO PAULO AEROPORT, BR","-23.617","-46.65","802.0","2020-08-10","0.00","68",,
"BR00E3-0520","SAO PAULO AEROPORT, BR","-23.617","-46.65","802.0","2020-08-11","0.00","70",,
"BR00E3-0520","SAO PAULO AEROPORT, BR","-23.617","-46.65","802.0","2020-08-12","0.00","68",,
"BR00E3-0520","SAO PAULO AEROPORT, BR","-23.617","-46.65","802.0","2020-08-13","0.00","69",,"60"
"BR00E3-0520","SAO PAULO AEROPORT, BR","-23.617","-46.65","802.0","2020-08-14","0.00","72","85",
"BR00E3-0520","SAO PAULO AEROPORT, BR","-23.617","-46.65","802.0","2020-08-15","0.00","68","83",
"BR00E3-0520","SAO PAULO AEROPORT, BR","-23.617","-46.65","802.0","2020-08-16","0.12","64",,
"BR00E3-0520","SAO PAULO AEROPORT, BR","-23.617","-46.65","802.0","2020-08-17","0.00","65","68",
"BR00E3-0520","SAO PAULO AEROPORT, BR","-23.617","-46.65","802.0","2020-08-18",,"63",,
"BR00E3-0520","SAO PAULO AEROPORT, BR","-23.617","-46.65","802.0","2020-08-19","0.04","64",,
"BR00E3-0520","SAO PAULO AEROPORT, BR","-23.617","-46.65","802.0","2020-08-20","0.04","59","75",
"BR00E3-0520","SAO PAULO AEROPORT, BR","-23.617","-46.65","802.0","2020-08-21","0.00","51",,
"BR00E3-0520","SAO PAULO AEROPORT, BR","-23.617","-46.65","802.0","2020-08-22","0.16","50",,
"BR00E3-0520","SAO PAULO AEROPORT, BR","-23.617","-46.65","802.0","2020-08-23","0.12","55",,
"BR00E3-0520","SAO PAULO AEROPORT, BR","-23.617","-46.65","802.0","2020-08-24","0.00","57",,"49"
"BR00E3-0520","SAO PAULO AEROPORT, BR","-23.617","-46.65","802.0","2020-08-25","0.00","56",,
"BR00E3-0520","SAO PAULO AEROPORT, BR","-23.617","-46.65","802.0","2020-08-26","0.00","57",,
"BR00E3-0520","SAO PAULO AEROPORT, BR","-23.617","-46.65","802.0","2020-08-27","0.00","63",,
"BR00E3-0520","SAO PAULO AEROPORT, BR","-23.617","-46.65","802.0","2020-08-28","0.00","69",,
"BR00E3-0520","SAO PAULO AEROPORT, BR","-23.617","-46.65","802.0","2020-08-29","0.00","72",,"63"
"BR00E3-0520","SAO PAULO AEROPORT, BR","-23.617","-46.65","802.0","2020-08-30","0.00","74",,"64"
"BR00E3-0520","SAO PAULO AEROPORT, BR","-23.617","-46.65","802.0","2020-08-31","0.00","66","86",
"BR00E3-0520","SAO PAULO AEROPORT, BR","-23.617","-46.65","802.0","2020-09-01",,"65","73",
"BR00E3-0520","SAO PAULO AEROPORT, BR","-23.617","-46.65","802.0","2020-09-02","0.00","66",,
"BR00E3-0520","SAO PAULO AEROPORT, BR","-23.617","-46.65","802.0","2020-09-03",,"72",,
"BR00E3-0520","SAO PAULO AEROPORT, BR","-23.617","-46.65","802.0","2020-09-04",,"72",,
"BR00E3-0520","SAO PAULO AEROPORT, BR","-23.617","-46.65","802.0","2020-09-05",,"69",,
"BR00E3-0520","SAO PAULO AEROPORT, BR","-23.617","-46.65","802.0","2020-09-06","0.00","72",,
"BR00E3-0520","SAO PAULO AEROPORT, BR","-23.617","-46.65","802.0","2020-09-07","0.00","69","87","64"
"BR00E3-0520","SAO PAULO AEROPORT, BR","-23.617","-46.65","802.0","2020-09-08","0.00","68","81",
"BR00E3-0520","SAO PAULO AEROPORT, BR","-23.617","-46.65","802.0","2020-09-09","0.00","69",,
"BR00E3-0520","SAO PAULO AEROPORT, BR","-23.617","-46.65","802.0","2020-09-10","0.00","76",,
"BR00E3-0520","SAO PAULO AEROPORT, BR","-23.617","-46.65","802.0","2020-09-11","0.00","75",,
"BR00E3-0520","SAO PAULO AEROPORT, BR","-23.617","-46.65","802.0","2020-09-12","0.00","81",,"73"
"BR00E3-0520","SAO PAULO AEROPORT, BR","-23.617","-46.65","802.0","2020-09-13","0.00","79","92","67"
"BR00E3-0520","SAO PAULO AEROPORT, BR","-23.617","-46.65","802.0","2020-09-14","0.00","77","91",
"BR00E3-0520","SAO PAULO AEROPORT, BR","-23.617","-46.65","802.0","2020-09-15","0.00","62","89",
"BR00E3-0520","SAO PAULO AEROPORT, BR","-23.617","-46.65","802.0","2020-09-16","0.00","69",,
"BR00E3-0520","SAO PAULO AEROPORT, BR","-23.617","-46.65","802.0","2020-09-17","0.00","71",,
"BR00E3-0520","SAO PAULO AEROPORT, BR","-23.617","-46.65","802.0","2020-09-18","0.00","71","87","64"
"BR00E3-0520","SAO PAULO AEROPORT, BR","-23.617","-46.65","802.0","2020-09-19","0.00","76",,"67"
"BR00E3-0520","SAO PAULO AEROPORT, BR","-23.617","-46.65","802.0","2020-09-20",,"64","87",
"BR00E3-0520","SAO PAULO AEROPORT, BR","-23.617","-46.65","802.0","2020-09-21","0.12","59","64",
"BR00E3-0520","SAO PAULO AEROPORT, BR","-23.617","-46.65","802.0","2020-09-22","0.04","58","63","56"
"BR00E3-0520","SAO PAULO AEROPORT, BR","-23.617","-46.65","802.0","2020-09-23","0.04","62",,"56"
"BR00E3-0520","SAO PAULO AEROPORT, BR","-23.617","-46.65","802.0","2020-09-24","0.00","66",,"61"
"BR00E3-0520","SAO PAULO AEROPORT, BR","-23.617","-46.65","802.0","2020-09-25",,"69",,
"BR00E3-0520","SAO PAULO AEROPORT, BR","-23.617","-46.65","802.0","2020-09-26","0.00","74",,"62"
"BR00E3-0520","SAO PAULO AEROPORT, BR","-23.617","-46.65","802.0","2020-09-27",,"81",,
"BR00E3-0520","SAO PAULO AEROPORT, BR","-23.617","-46.65","802.0","2020-09-28",,"74",,
"BR00E3-0520","SAO PAULO AEROPORT, BR","-23.617","-46.65","802.0","2020-09-29","0.12","69","85",
"BR00E3-0520","SAO PAULO AEROPORT, BR","-23.617","-46.65","802.0","2020-09-30","0.00","77",,
"BR00E3-0520","SAO PAULO AEROPORT, BR","-23.617","-46.65","802.0","2020-10-01","0.00","80",,"67"
"BR00E3-0520","SAO PAULO AEROPORT, BR","-23.617","-46.65","802.0","2020-10-02","0.00","88",,"76"
"BR00E3-0520","SAO PAULO AEROPORT, BR","-23.617","-46.65","802.0","2020-10-03","0.00","74","97",
"BR00E3-0520","SAO PAULO AEROPORT, BR","-23.617","-46.65","802.0","2020-10-04","0.00","66","76",
"BR00E3-0520","SAO PAULO AEROPORT, BR","-23.617","-46.65","802.0","2020-10-05","0.00","72",,"64"
"BR00E3-0520","SAO PAULO AEROPORT, BR","-23.617","-46.65","802.0","2020-10-06","0.00","78","95",
"BR00E3-0520","SAO PAULO AEROPORT, BR","-23.617","-46.65","802.0","2020-10-07","0.00","77",,
"BR00E3-0520","SAO PAULO AEROPORT, BR","-23.617","-46.65","802.0","2020-10-08","0.28","73","98",
"BR00E3-0520","SAO PAULO AEROPORT, BR","-23.617","-46.65","802.0","2020-10-09","0.00","67","83",
"BR00E3-0520","SAO PAULO AEROPORT, BR","-23.617","-46.65","802.0","2020-10-10","0.08","65",,
"BR00E3-0520","SAO PAULO AEROPORT, BR","-23.617","-46.65","802.0","2020-10-11","0.00","62","72",
"BR00E3-0520","SAO PAULO AEROPORT, BR","-23.617","-46.65","802.0","2020-10-12","0.00","65",,"58"
"BR00E3-0520","SAO PAULO AEROPORT, BR","-23.617","-46.65","802.0","2020-10-13",,"72",,
"BR00E3-0520","SAO PAULO AEROPORT, BR","-23.617","-46.65","802.0","2020-10-14","0.00","74",,
"BR00E3-0520","SAO PAULO AEROPORT, BR","-23.617","-46.65","802.0","2020-10-15","0.28","65","88",
"BR00E3-0520","SAO PAULO AEROPORT, BR","-23.617","-46.65","802.0","2020-10-16","0.00","60","69",
"BR00E3-0520","SAO PAULO AEROPORT, BR","-23.617","-46.65","802.0","2020-10-17","0.00","60",,
"BR00E3-0520","SAO PAULO AEROPORT, BR","-23.617","-46.65","802.0","2020-10-18","0.00","65",,
"BR00E3-0520","SAO PAULO AEROPORT, BR","-23.617","-46.65","802.0","2020-10-19","0.00","69",,"63"
"BR00E3-0520","SAO PAULO AEROPORT, BR","-23.617","-46.65","802.0","2020-10-20","0.35","70","81",
"BR00E3-0520","SAO PAULO AEROPORT, BR","-23.617","-46.65","802.0","2020-10-21","0.08","69","81",
"BR00E3-0520","SAO PAULO AEROPORT, BR","-23.617","-46.65","802.0","2020-10-22","0.00","67","77",
"BR00E3-0520","SAO PAULO AEROPORT, BR","-23.617","-46.65","802.0","2020-10-23","0.00","69",,"62"
"BR00E3-0520","SAO PAULO AEROPORT, BR","-23.617","-46.65","802.0","2020-10-24",,"69","81",
"BR00E3-0520","SAO PAULO AEROPORT, BR","-23.617","-46.65","802.0","2020-10-25","0.00","69",,
"BR00E3-0520","SAO PAULO AEROPORT, BR","-23.617","-46.65","802.0","2020-10-26",,"68",,
"BR00E3-0520","SAO PAULO AEROPORT, BR","-23.617","-46.65","802.0","2020-10-27",,"73",,
"BR00E3-0520","SAO PAULO AEROPORT, BR","-23.617","-46.65","802.0","2020-10-28","0.00","78",,"67"
"BR00E3-0520","SAO PAULO AEROPORT, BR","-23.617","-46.65","802.0","2020-10-29","0.00","74",,
"BR00E3-0520","SAO PAULO AEROPORT, BR","-23.617","-46.65","802.0","2020-10-30",,"64",,
"BR00E3-0520","SAO PAULO AEROPORT, BR","-23.617","-46.65","802.0","2020-10-31",,"61","65","59"
"BR00E3-0520","SAO PAULO AEROPORT, BR","-23.617","-46.65","802.0","2020-11-01",,"58","63",
"BR00E3-0520","SAO PAULO AEROPORT, BR","-23.617","-46.65","802.0","2020-11-02","0.00","58",,
"BR00E3-0520","SAO PAULO AEROPORT, BR","-23.617","-46.65","802.0","2020-11-03",,"60",,
"BR00E3-0520","SAO PAULO AEROPORT, BR","-23.617","-46.65","802.0","2020-11-04","0.00","62",,
"BR00E3-0520","SAO PAULO AEROPORT, BR","-23.617","-46.65","802.0","2020-11-05",,"60","72",
"BR00E3-0520","SAO PAULO AEROPORT, BR","-23.617","-46.65","802.0","2020-11-06","0.00","62",,
"BR00E3-0520","SAO PAULO AEROPORT, BR","-23.617","-46.65","802.0","2020-11-07",,"65",,
"BR00E3-0520","SAO PAULO AEROPORT, BR","-23.617","-46.65","802.0","2020-11-08","0.00","68",,
"BR00E3-0520","SAO PAULO AEROPORT, BR","-23.617","-46.65","802.0","2020-11-09","0.00","68","85",
"BR00E3-0520","SAO PAULO AEROPORT, BR","-23.617","-46.65","802.0","2020-11-10","0.04","70",,
"BR00E3-0520","SAO PAULO AEROPORT, BR","-23.617","-46.65","802.0","2020-11-11","0.00","71",,
"BR00E3-0520","SAO PAULO AEROPORT, BR","-23.617","-46.65","802.0","2020-11-12","0.75","70","85","66"
"BR00E3-0520","SAO PAULO AEROPORT, BR","-23.617","-46.65","802.0","2020-11-13","0.12","71",,"66"
"BR00E3-0520","SAO PAULO AEROPORT, BR","-23.617","-46.65","802.0","2020-11-14","0.08","72",,
"BR00E3-0520","SAO PAULO AEROPORT, BR","-23.617","-46.65","802.0","2020-11-15","0.00","77",,"68"
"BR00E3-0520","SAO PAULO AEROPORT, BR","-23.617","-46.65","802.0","2020-11-16","0.00","76","90",
"BR00E3-0520","SAO PAULO AEROPORT, BR","-23.617","-46.65","802.0","2020-11-17","0.12","69","84",
"BR00E3-0520","SAO PAULO AEROPORT, BR","-23.617","-46.65","802.0","2020-11-18","0.12","62",,
"BR00E3-0520","SAO PAULO AEROPORT, BR","-23.617","-46.65","802.0","2020-11-19","0.35","62",,
"BR00E3-0520","SAO PAULO AEROPORT, BR","-23.617","-46.65","802.0","2020-11-20","0.04","62",,"57"
"BR00E3-0520","SAO PAULO AEROPORT, BR","-23.617","-46.65","802.0","2020-11-21","0.00","64",,
"BR00E3-0520","SAO PAULO AEROPORT, BR","-23.617","-46.65","802.0","2020-11-22","0.00","66","74",
"BR00E3-1520","SAO PAULO CUMBICA, BR","-23.433","-46.467","4.0","2020-01-01",,"83",,
"BR00E3-1520","SAO PAULO CUMBICA, BR","-23.433","-46.467","4.0","2020-01-02",,"82",,
"BR00E3-1520","SAO PAULO CUMBICA, BR","-23.433","-46.467","4.0","2020-01-03",,"80",,
"BR00E3-1520","SAO PAULO CUMBICA, BR","-23.433","-46.467","4.0","2020-01-04",,"79",,
"BR00E3-1520","SAO PAULO CUMBICA, BR","-23.433","-46.467","4.0","2020-01-05",,"79",,
"BR00E3-1520","SAO PAULO CUMBICA, BR","-23.433","-46.467","4.0","2020-01-06",,"82",,
"BR00E3-1520","SAO PAULO CUMBICA, BR","-23.433","-46.467","4.0","2020-01-07",,"85",,
"BR00E3-1520","SAO PAULO CUMBICA, BR","-23.433","-46.467","4.0","2020-01-08",,"84",,
"BR00E3-1520","SAO PAULO CUMBICA, BR","-23.433","-46.467","4.0","2020-01-09",,"85",,
"BR00E3-1520","SAO PAULO CUMBICA, BR","-23.433","-46.467","4.0","2020-01-10",,"85",,
"BR00E3-1520","SAO PAULO CUMBICA, BR","-23.433","-46.467","4.0","2020-01-11",,"86",,
"BR00E3-1520","SAO PAULO CUMBICA, BR","-23.433","-46.467","4.0","2020-01-12",,"84",,
"BR00E3-1520","SAO PAULO CUMBICA, BR","-23.433","-46.467","4.0","2020-01-13",,"76",,
"BR00E3-1520","SAO PAULO CUMBICA, BR","-23.433","-46.467","4.0","2020-01-14",,"79",,
"BR00E3-1520","SAO PAULO CUMBICA, BR","-23.433","-46.467","4.0","2020-01-15",,"79",,
"BR00E3-1520","SAO PAULO CUMBICA, BR","-23.433","-46.467","4.0","2020-01-16",,"85",,
"BR00E3-1520","SAO PAULO CUMBICA, BR","-23.433","-46.467","4.0","2020-01-17",,"78",,
"BR00E3-1520","SAO PAULO CUMBICA, BR","-23.433","-46.467","4.0","2020-01-18",,"78",,
"BR00E3-1520","SAO PAULO CUMBICA, BR","-23.433","-46.467","4.0","2020-01-19",,"78",,
"BR00E3-1520","SAO PAULO CUMBICA, BR","-23.433","-46.467","4.0","2020-01-20",,"79",,
"BR00E3-1520","SAO PAULO CUMBICA, BR","-23.433","-46.467","4.0","2020-01-21",,"79",,
"BR00E3-1520","SAO PAULO CUMBICA, BR","-23.433","-46.467","4.0","2020-01-22",,"80",,
"BR00E3-1520","SAO PAULO CUMBICA, BR","-23.433","-46.467","4.0","2020-01-23",,"77",,
"BR00E3-1520","SAO PAULO CUMBICA, BR","-23.433","-46.467","4.0","2020-01-24",,"74",,
"BR00E3-1520","SAO PAULO CUMBICA, BR","-23.433","-46.467","4.0","2020-01-25",,"77",,
"BR00E3-1520","SAO PAULO CUMBICA, BR","-23.433","-46.467","4.0","2020-01-26",,"79",,
"BR00E3-1520","SAO PAULO CUMBICA, BR","-23.433","-46.467","4.0","2020-01-27",,"80",,
"BR00E3-1520","SAO PAULO CUMBICA, BR","-23.433","-46.467","4.0","2020-01-28",,"84",,
"BR00E3-1520","SAO PAULO CUMBICA, BR","-23.433","-46.467","4.0","2020-01-29",,"83",,
"BR00E3-1520","SAO PAULO CUMBICA, BR","-23.433","-46.467","4.0","2020-01-30",,"86",,
"BR00E3-1520","SAO PAULO CUMBICA, BR","-23.433","-46.467","4.0","2020-01-31",,"84",,
"BR00E3-1520","SAO PAULO CUMBICA, BR","-23.433","-46.467","4.0","2020-02-01",,"83",,
"BR00E3-1520","SAO PAULO CUMBICA, BR","-23.433","-46.467","4.0","2020-02-02",,"82",,
"BR00E3-1520","SAO PAULO CUMBICA, BR","-23.433","-46.467","4.0","2020-02-03",,"82",,
"BR00E3-1520","SAO PAULO CUMBICA, BR","-23.433","-46.467","4.0","2020-02-04",,"81",,
"BR00E3-1520","SAO PAULO CUMBICA, BR","-23.433","-46.467","4.0","2020-02-05",,"80",,
"BR00E3-1520","SAO PAULO CUMBICA, BR","-23.433","-46.467","4.0","2020-02-06",,"79",,
"BR00E3-1520","SAO PAULO CUMBICA, BR","-23.433","-46.467","4.0","2020-02-07",,"80",,
"BR00E3-1520","SAO PAULO CUMBICA, BR","-23.433","-46.467","4.0","2020-02-08",,"81",,
"BR00E3-1520","SAO PAULO CUMBICA, BR","-23.433","-46.467","4.0","2020-02-09",,"88",,
"BR00E3-1520","SAO PAULO CUMBICA, BR","-23.433","-46.467","4.0","2020-02-10",,"81",,
"BR00E3-1520","SAO PAULO CUMBICA, BR","-23.433","-46.467","4.0","2020-02-11",,"73",,
"BR00E3-1520","SAO PAULO CUMBICA, BR","-23.433","-46.467","4.0","2020-02-12",,"73",,
"BR00E3-1520","SAO PAULO CUMBICA, BR","-23.433","-46.467","4.0","2020-02-13",,"76",,
"BR00E3-1520","SAO PAULO CUMBICA, BR","-23.433","-46.467","4.0","2020-02-14",,"78",,
"BR00E3-1520","SAO PAULO CUMBICA, BR","-23.433","-46.467","4.0","2020-02-15",,"81",,
"BR00E3-1520","SAO PAULO CUMBICA, BR","-23.433","-46.467","4.0","2020-02-16",,"83",,
"BR00E3-1520","SAO PAULO CUMBICA, BR","-23.433","-46.467","4.0","2020-02-17",,"84",,
"BR00E3-1520","SAO PAULO CUMBICA, BR","-23.433","-46.467","4.0","2020-02-18",,"83",,
"BR00E3-1520","SAO PAULO CUMBICA, BR","-23.433","-46.467","4.0","2020-02-19",,"85",,
"BR00E3-1520","SAO PAULO CUMBICA, BR","-23.433","-46.467","4.0","2020-02-20",,"84",,
"BR00E3-1520","SAO PAULO CUMBICA, BR","-23.433","-46.467","4.0","2020-02-21",,"82",,
"BR00E3-1520","SAO PAULO CUMBICA, BR","-23.433","-46.467","4.0","2020-02-22",,"78",,
"BR00E3-1520","SAO PAULO CUMBICA, BR","-23.433","-46.467","4.0","2020-02-23",,"77",,
"BR00E3-1520","SAO PAULO CUMBICA, BR","-23.433","-46.467","4.0","2020-02-24",,"77",,
"BR00E3-1520","SAO PAULO CUMBICA, BR","-23.433","-46.467","4.0","2020-02-25",,"82",,
"BR00E3-1520","SAO PAULO CUMBICA, BR","-23.433","-46.467","4.0","2020-02-26",,"85",,
"BR00E3-1520","SAO PAULO CUMBICA, BR","-23.433","-46.467","4.0","2020-02-27",,"77",,
"BR00E3-1520","SAO PAULO CUMBICA, BR","-23.433","-46.467","4.0","2020-02-28",,"74",,
"BR00E3-1520","SAO PAULO CUMBICA, BR","-23.433","-46.467","4.0","2020-02-29",,"77",,
"BR00E3-1520","SAO PAULO CUMBICA, BR","-23.433","-46.467","4.0","2020-03-01",,"73",,
"BR00E3-1520","SAO PAULO CUMBICA, BR","-23.433","-46.467","4.0","2020-03-02",,"71",,
"BR00E3-1520","SAO PAULO CUMBICA, BR","-23.433","-46.467","4.0","2020-03-03",,"74",,
"BR00E3-1520","SAO PAULO CUMBICA, BR","-23.433","-46.467","4.0","2020-03-04",,"77",,
"BR00E3-1520","SAO PAULO CUMBICA, BR","-23.433","-46.467","4.0","2020-03-05",,"77",,
"BR00E3-1520","SAO PAULO CUMBICA, BR","-23.433","-46.467","4.0","2020-03-06",,"77",,
"BR00E3-1520","SAO PAULO CUMBICA, BR","-23.433","-46.467","4.0","2020-03-07",,"78",,
"BR00E3-1520","SAO PAULO CUMBICA, BR","-23.433","-46.467","4.0","2020-03-08",,"78",,
"BR00E3-1520","SAO PAULO CUMBICA, BR","-23.433","-46.467","4.0","2020-03-09",,"80",,
"BR00E3-1520","SAO PAULO CUMBICA, BR","-23.433","-46.467","4.0","2020-03-10",,"80",,
"BR00E3-1520","SAO PAULO CUMBICA, BR","-23.433","-46.467","4.0","2020-03-11",,"79",,
"BR00E3-1520","SAO PAULO CUMBICA, BR","-23.433","-46.467","4.0","2020-03-12",,"80",,
"BR00E3-1520","SAO PAULO CUMBICA, BR","-23.433","-46.467","4.0","2020-03-13",,"82",,
"BR00E3-1520","SAO PAULO CUMBICA, BR","-23.433","-46.467","4.0","2020-03-14",,"83",,
"BR00E3-1520","SAO PAULO CUMBICA, BR","-23.433","-46.467","4.0","2020-03-15",,"84",,
"BR00E3-1520","SAO PAULO CUMBICA, BR","-23.433","-46.467","4.0","2020-03-16",,"85",,
"BR00E3-1520","SAO PAULO CUMBICA, BR","-23.433","-46.467","4.0","2020-03-17",,"80",,
"BR00E3-1520","SAO PAULO CUMBICA, BR","-23.433","-46.467","4.0","2020-03-18",,"80",,
"BR00E3-1520","SAO PAULO CUMBICA, BR","-23.433","-46.467","4.0","2020-03-19",,"84",,
"BR00E3-1520","SAO PAULO CUMBICA, BR","-23.433","-46.467","4.0","2020-03-20",,"83",,
"BR00E3-1520","SAO PAULO CUMBICA, BR","-23.433","-46.467","4.0","2020-03-21",,"77",,
"BR00E3-1520","SAO PAULO CUMBICA, BR","-23.433","-46.467","4.0","2020-03-22",,"77",,
"BR00E3-1520","SAO PAULO CUMBICA, BR","-23.433","-46.467","4.0","2020-03-23",,"78",,
"BR00E3-1520","SAO PAULO CUMBICA, BR","-23.433","-46.467","4.0","2020-03-24",,"77",,
"BR00E3-1520","SAO PAULO CUMBICA, BR","-23.433","-46.467","4.0","2020-03-25",,"76",,
"BR00E3-1520","SAO PAULO CUMBICA, BR","-23.433","-46.467","4.0","2020-03-26",,"77",,
"BR00E3-1520","SAO PAULO CUMBICA, BR","-23.433","-46.467","4.0","2020-03-27",,"79",,
"BR00E3-1520","SAO PAULO CUMBICA, BR","-23.433","-46.467","4.0","2020-03-28",,"80",,
"BR00E3-1520","SAO PAULO CUMBICA, BR","-23.433","-46.467","4.0","2020-03-29",,"81",,
"BR00E3-1520","SAO PAULO CUMBICA, BR","-23.433","-46.467","4.0","2020-03-30",,"79",,
"BR00E3-1520","SAO PAULO CUMBICA, BR","-23.433","-46.467","4.0","2020-03-31",,"79",,
"BR00E3-1520","SAO PAULO CUMBICA, BR","-23.433","-46.467","4.0","2020-04-01",,"78",,
"BR00E3-1520","SAO PAULO CUMBICA, BR","-23.433","-46.467","4.0","2020-04-02",,"79",,
"BR00E3-1520","SAO PAULO CUMBICA, BR","-23.433","-46.467","4.0","2020-04-03",,"82",,
"BR00E3-1520","SAO PAULO CUMBICA, BR","-23.433","-46.467","4.0","2020-04-04",,"78",,
"BR00E3-1520","SAO PAULO CUMBICA, BR","-23.433","-46.467","4.0","2020-04-05",,"78",,
"BR00E3-1520","SAO PAULO CUMBICA, BR","-23.433","-46.467","4.0","2020-04-06",,"78",,
"BR00E3-1520","SAO PAULO CUMBICA, BR","-23.433","-46.467","4.0","2020-04-07",,"78",,
"BR00E3-1520","SAO PAULO CUMBICA, BR","-23.433","-46.467","4.0","2020-04-08",,"74",,
"BR00E3-1520","SAO PAULO CUMBICA, BR","-23.433","-46.467","4.0","2020-04-09",,"75",,
"BR00E3-1520","SAO PAULO CUMBICA, BR","-23.433","-46.467","4.0","2020-04-10",,"74",,
"BR00E3-1520","SAO PAULO CUMBICA, BR","-23.433","-46.467","4.0","2020-04-11",,"74",,
"BR00E3-1520","SAO PAULO CUMBICA, BR","-23.433","-46.467","4.0","2020-04-12",,"74",,
"BR00E3-1520","SAO PAULO CUMBICA, BR","-23.433","-46.467","4.0","2020-04-13",,"76",,
"BR00E3-1520","SAO PAULO CUMBICA, BR","-23.433","-46.467","4.0","2020-04-14",,"78",,
"BR00E3-1520","SAO PAULO CUMBICA, BR","-23.433","-46.467","4.0","2020-04-15",,"79",,
"BR00E3-1520","SAO PAULO CUMBICA, BR","-23.433","-46.467","4.0","2020-04-16",,"77",,
"BR00E3-1520","SAO PAULO CUMBICA, BR","-23.433","-46.467","4.0","2020-04-17",,"74",,
"BR00E3-1520","SAO PAULO CUMBICA, BR","-23.433","-46.467","4.0","2020-04-18",,"75",,
"BR00E3-1520","SAO PAULO CUMBICA, BR","-23.433","-46.467","4.0","2020-04-19",,"76",,
"BR00E3-1520","SAO PAULO CUMBICA, BR","-23.433","-46.467","4.0","2020-04-20",,"77",,
"BR00E3-1520","SAO PAULO CUMBICA, BR","-23.433","-46.467","4.0","2020-04-21",,"76",,
"BR00E3-1520","SAO PAULO CUMBICA, BR","-23.433","-46.467","4.0","2020-04-22",,"77",,
"BR00E3-1520","SAO PAULO CUMBICA, BR","-23.433","-46.467","4.0","2020-04-23",,"77",,
"BR00E3-1520","SAO PAULO CUMBICA, BR","-23.433","-46.467","4.0","2020-04-24",,"76",,
"BR00E3-1520","SAO PAULO CUMBICA, BR","-23.433","-46.467","4.0","2020-04-25",,"77",,
"BR00E3-1520","SAO PAULO CUMBICA, BR","-23.433","-46.467","4.0","2020-04-26",,"79",,
"BR00E3-1520","SAO PAULO CUMBICA, BR","-23.433","-46.467","4.0","2020-04-27",,"77",,
"BR00E3-1520","SAO PAULO CUMBICA, BR","-23.433","-46.467","4.0","2020-04-28",,"76",,
"BR00E3-1520","SAO PAULO CUMBICA, BR","-23.433","-46.467","4.0","2020-04-29",,"76",,
"BR00E3-1520","SAO PAULO CUMBICA, BR","-23.433","-46.467","4.0","2020-04-30",,"81",,
"BR00E3-1520","SAO PAULO CUMBICA, BR","-23.433","-46.467","4.0","2020-05-01",,"78",,
"BR00E3-1520","SAO PAULO CUMBICA, BR","-23.433","-46.467","4.0","2020-05-02",,"77",,
"BR00E3-1520","SAO PAULO CUMBICA, BR","-23.433","-46.467","4.0","2020-05-03",,"74",,
"BR00E3-1520","SAO PAULO CUMBICA, BR","-23.433","-46.467","4.0","2020-05-04",,"74",,
"BR00E3-1520","SAO PAULO CUMBICA, BR","-23.433","-46.467","4.0","2020-05-05",,"78",,
"BR00E3-1520","SAO PAULO CUMBICA, BR","-23.433","-46.467","4.0","2020-05-06",,"78",,
"BR00E3-1520","SAO PAULO CUMBICA, BR","-23.433","-46.467","4.0","2020-05-07",,"69",,
"BR00E3-1520","SAO PAULO CUMBICA, BR","-23.433","-46.467","4.0","2020-05-08",,"71",,
"BR00E3-1520","SAO PAULO CUMBICA, BR","-23.433","-46.467","4.0","2020-05-09",,"72",,
"BR00E3-1520","SAO PAULO CUMBICA, BR","-23.433","-46.467","4.0","2020-05-10",,"73",,
"BR00E3-1520","SAO PAULO CUMBICA, BR","-23.433","-46.467","4.0","2020-05-11",,"77",,
"BR00E3-1520","SAO PAULO CUMBICA, BR","-23.433","-46.467","4.0","2020-05-12",,"75",,
"BR00E3-1520","SAO PAULO CUMBICA, BR","-23.433","-46.467","4.0","2020-05-13",,"79",,
"BR00E3-1520","SAO PAULO CUMBICA, BR","-23.433","-46.467","4.0","2020-05-14",,"76",,
"BR00E3-1520","SAO PAULO CUMBICA, BR","-23.433","-46.467","4.0","2020-05-15",,"69",,
"BR00E3-1520","SAO PAULO CUMBICA, BR","-23.433","-46.467","4.0","2020-05-16",,"73",,
"BR00E3-1520","SAO PAULO CUMBICA, BR","-23.433","-46.467","4.0","2020-05-17",,"74",,
"BR00E3-1520","SAO PAULO CUMBICA, BR","-23.433","-46.467","4.0","2020-05-18",,"74",,
"BR00E3-1520","SAO PAULO CUMBICA, BR","-23.433","-46.467","4.0","2020-05-19",,"74",,
"BR00E3-1520","SAO PAULO CUMBICA, BR","-23.433","-46.467","4.0","2020-05-20",,"75",,
"BR00E3-1520","SAO PAULO CUMBICA, BR","-23.433","-46.467","4.0","2020-05-21",,"76",,
"BR00E3-1520","SAO PAULO CUMBICA, BR","-23.433","-46.467","4.0","2020-05-22",,"78",,
"BR00E3-1520","SAO PAULO CUMBICA, BR","-23.433","-46.467","4.0","2020-05-23",,"82",,
"BR00E3-1520","SAO PAULO CUMBICA, BR","-23.433","-46.467","4.0","2020-05-24",,"72",,
"BR00E3-1520","SAO PAULO CUMBICA, BR","-23.433","-46.467","4.0","2020-05-25",,"72",,
"BR00E3-1520","SAO PAULO CUMBICA, BR","-23.433","-46.467","4.0","2020-05-26",,"73",,
"BR00E3-1520","SAO PAULO CUMBICA, BR","-23.433","-46.467","4.0","2020-05-27",,"72",,
"BR00E3-1520","SAO PAULO CUMBICA, BR","-23.433","-46.467","4.0","2020-05-28",,"70",,
"BR00E3-1520","SAO PAULO CUMBICA, BR","-23.433","-46.467","4.0","2020-05-29",,"70",,
"BR00E3-1520","SAO PAULO CUMBICA, BR","-23.433","-46.467","4.0","2020-05-30",,"75",,
"BR00E3-1520","SAO PAULO CUMBICA, BR","-23.433","-46.467","4.0","2020-05-31",,"73",,
"BR00E3-1520","SAO PAULO CUMBICA, BR","-23.433","-46.467","4.0","2020-06-01",,"75",,
"BR00E3-1520","SAO PAULO CUMBICA, BR","-23.433","-46.467","4.0","2020-06-02",,"72",,
"BR00E3-1520","SAO PAULO CUMBICA, BR","-23.433","-46.467","4.0","2020-06-03",,"72",,
"BR00E3-1520","SAO PAULO CUMBICA, BR","-23.433","-46.467","4.0","2020-06-04",,"73",,
"BR00E3-1520","SAO PAULO CUMBICA, BR","-23.433","-46.467","4.0","2020-06-05",,"73",,
"BR00E3-1520","SAO PAULO CUMBICA, BR","-23.433","-46.467","4.0","2020-06-06",,"76",,
"BR00E3-1520","SAO PAULO CUMBICA, BR","-23.433","-46.467","4.0","2020-06-07",,"75",,
"BR00E3-1520","SAO PAULO CUMBICA, BR","-23.433","-46.467","4.0","2020-06-08",,"74",,
"BR00E3-1520","SAO PAULO CUMBICA, BR","-23.433","-46.467","4.0","2020-06-09",,"74",,
"BR00E3-1520","SAO PAULO CUMBICA, BR","-23.433","-46.467","4.0","2020-06-10",,"78",,
"BR00E3-1520","SAO PAULO CUMBICA, BR","-23.433","-46.467","4.0","2020-06-11",,"76",,
"BR00E3-1520","SAO PAULO CUMBICA, BR","-23.433","-46.467","4.0","2020-06-12",,"78",,
"BR00E3-1520","SAO PAULO CUMBICA, BR","-23.433","-46.467","4.0","2020-06-13",,"78",,
"BR00E3-1520","SAO PAULO CUMBICA, BR","-23.433","-46.467","4.0","2020-06-14",,"74",,
"BR00E3-1520","SAO PAULO CUMBICA, BR","-23.433","-46.467","4.0","2020-06-15",,"73",,
"BR00E3-1520","SAO PAULO CUMBICA, BR","-23.433","-46.467","4.0","2020-06-16",,"74",,
"BR00E3-1520","SAO PAULO CUMBICA, BR","-23.433","-46.467","4.0","2020-06-17",,"72",,
"BR00E3-1520","SAO PAULO CUMBICA, BR","-23.433","-46.467","4.0","2020-06-18",,"74",,
"BR00E3-1520","SAO PAULO CUMBICA, BR","-23.433","-46.467","4.0","2020-06-19",,"76",,
"BR00E3-1520","SAO PAULO CUMBICA, BR","-23.433","-46.467","4.0","2020-06-20",,"76",,
"BR00E3-1520","SAO PAULO CUMBICA, BR","-23.433","-46.467","4.0","2020-06-21",,"78",,
"BR00E3-1520","SAO PAULO CUMBICA, BR","-23.433","-46.467","4.0","2020-06-22",,"77",,
"BR00E3-1520","SAO PAULO CUMBICA, BR","-23.433","-46.467","4.0","2020-06-23",,"75",,
"BR00E3-1520","SAO PAULO CUMBICA, BR","-23.433","-46.467","4.0","2020-06-24",,"77",,
"BR00E3-1520","SAO PAULO CUMBICA, BR","-23.433","-46.467","4.0","2020-06-25",,"76",,
"BR00E3-1520","SAO PAULO CUMBICA, BR","-23.433","-46.467","4.0","2020-06-26",,"75",,
"BR00E3-1520","SAO PAULO CUMBICA, BR","-23.433","-46.467","4.0","2020-06-27",,"76",,
"BR00E3-1520","SAO PAULO CUMBICA, BR","-23.433","-46.467","4.0","2020-06-28",,"70",,
"BR00E3-1520","SAO PAULO CUMBICA, BR","-23.433","-46.467","4.0","2020-06-29",,"71",,
"BR00E3-1520","SAO PAULO CUMBICA, BR","-23.433","-46.467","4.0","2020-06-30",,"73",,
"BR00E3-1520","SAO PAULO CUMBICA, BR","-23.433","-46.467","4.0","2020-07-01",,"78",,
"BR00E3-1520","SAO PAULO CUMBICA, BR","-23.433","-46.467","4.0","2020-07-02",,"71",,
"BR00E3-1520","SAO PAULO CUMBICA, BR","-23.433","-46.467","4.0","2020-07-03",,"71",,
"BR00E3-1520","SAO PAULO CUMBICA, BR","-23.433","-46.467","4.0","2020-07-04",,"70",,
"BR00E3-1520","SAO PAULO CUMBICA, BR","-23.433","-46.467","4.0","2020-07-05",,"75",,
"BR00E3-1520","SAO PAULO CUMBICA, BR","-23.433","-46.467","4.0","2020-07-06",,"76",,
"BR00E3-1520","SAO PAULO CUMBICA, BR","-23.433","-46.467","4.0","2020-07-07",,"73",,
"BR00E3-1520","SAO PAULO CUMBICA, BR","-23.433","-46.467","4.0","2020-07-08",,"77",,
"BR00E3-1520","SAO PAULO CUMBICA, BR","-23.433","-46.467","4.0","2020-07-09",,"71",,
"BR00E3-1520","SAO PAULO CUMBICA, BR","-23.433","-46.467","4.0","2020-07-10",,"72",,
"BR00E3-1520","SAO PAULO CUMBICA, BR","-23.433","-46.467","4.0","2020-07-11",,"76",,
"BR00E3-1520","SAO PAULO CUMBICA, BR","-23.433","-46.467","4.0","2020-07-12",,"80",,
"BR00E3-1520","SAO PAULO CUMBICA, BR","-23.433","-46.467","4.0","2020-07-13",,"80",,
"BR00E3-1520","SAO PAULO CUMBICA, BR","-23.433","-46.467","4.0","2020-07-14",,"73",,
"BR00E3-1520","SAO PAULO CUMBICA, BR","-23.433","-46.467","4.0","2020-07-15",,"68",,
"BR00E3-1520","SAO PAULO CUMBICA, BR","-23.433","-46.467","4.0","2020-07-16",,"69",,
"BR00E3-1520","SAO PAULO CUMBICA, BR","-23.433","-46.467","4.0","2020-07-17",,"71",,
"BR00E3-1520","SAO PAULO CUMBICA, BR","-23.433","-46.467","4.0","2020-07-18",,"73",,
"BR00E3-1520","SAO PAULO CUMBICA, BR","-23.433","-46.467","4.0","2020-07-19",,"73",,
"BR00E3-1520","SAO PAULO CUMBICA, BR","-23.433","-46.467","4.0","2020-07-20",,"76",,
"BR00E3-1520","SAO PAULO CUMBICA, BR","-23.433","-46.467","4.0","2020-07-21",,"76",,
"BR00E3-1520","SAO PAULO CUMBICA, BR","-23.433","-46.467","4.0","2020-07-22",,"75",,
"BR00E3-1520","SAO PAULO CUMBICA, BR","-23.433","-46.467","4.0","2020-07-23",,"75",,
"BR00E3-1520","SAO PAULO CUMBICA, BR","-23.433","-46.467","4.0","2020-07-24",,"75",,
"BR00E3-1520","SAO PAULO CUMBICA, BR","-23.433","-46.467","4.0","2020-07-25",,"78",,
"BR00E3-1520","SAO PAULO CUMBICA, BR","-23.433","-46.467","4.0","2020-07-26",,"74",,
"BR00E3-1520","SAO PAULO CUMBICA, BR","-23.433","-46.467","4.0","2020-07-27",,"76",,
"BR00E3-1520","SAO PAULO CUMBICA, BR","-23.433","-46.467","4.0","2020-07-28",,"78",,
"BR00E3-1520","SAO PAULO CUMBICA, BR","-23.433","-46.467","4.0","2020-07-29",,"74",,
"BR00E3-1520","SAO PAULO CUMBICA, BR","-23.433","-46.467","4.0","2020-07-30",,"67",,
"BR00E3-1520","SAO PAULO CUMBICA, BR","-23.433","-46.467","4.0","2020-07-31",,"69",,
"BR00E3-1520","SAO PAULO CUMBICA, BR","-23.433","-46.467","4.0","2020-08-01",,"70",,
"BR00E3-1520","SAO PAULO CUMBICA, BR","-23.433","-46.467","4.0","2020-08-02",,"70",,
"BR00E3-1520","SAO PAULO CUMBICA, BR","-23.433","-46.467","4.0","2020-08-03",,"70",,
"BR00E3-1520","SAO PAULO CUMBICA, BR","-23.433","-46.467","4.0","2020-08-04",,"72",,
"BR00E3-1520","SAO PAULO CUMBICA, BR","-23.433","-46.467","4.0","2020-08-05",,"70",,
"BR00E3-1520","SAO PAULO CUMBICA, BR","-23.433","-46.467","4.0","2020-08-06",,"72",,
"BR00E3-1520","SAO PAULO CUMBICA, BR","-23.433","-46.467","4.0","2020-08-07",,"72",,
"BR00E3-1520","SAO PAULO CUMBICA, BR","-23.433","-46.467","4.0","2020-08-08",,"74",,
"BR00E3-1520","SAO PAULO CUMBICA, BR","-23.433","-46.467","4.0","2020-08-09",,"74",,
"BR00E3-1520","SAO PAULO CUMBICA, BR","-23.433","-46.467","4.0","2020-08-10",,"76",,
"BR00E3-1520","SAO PAULO CUMBICA, BR","-23.433","-46.467","4.0","2020-08-11",,"76",,
"BR00E3-1520","SAO PAULO CUMBICA, BR","-23.433","-46.467","4.0","2020-08-12",,"77",,
"BR00E3-1520","SAO PAULO CUMBICA, BR","-23.433","-46.467","4.0","2020-08-13",,"78",,
"BR00E3-1520","SAO PAULO CUMBICA, BR","-23.433","-46.467","4.0","2020-08-14",,"77",,
"BR00E3-1520","SAO PAULO CUMBICA, BR","-23.433","-46.467","4.0","2020-08-15",,"78",,
"BR00E3-1520","SAO PAULO CUMBICA, BR","-23.433","-46.467","4.0","2020-08-16",,"73",,
"BR00E3-1520","SAO PAULO CUMBICA, BR","-23.433","-46.467","4.0","2020-08-17",,"75",,
"BR00E3-1520","SAO PAULO CUMBICA, BR","-23.433","-46.467","4.0","2020-08-18",,"76",,
"BR00E3-1520","SAO PAULO CUMBICA, BR","-23.433","-46.467","4.0","2020-08-19",,"77",,
"BR00E3-1520","SAO PAULO CUMBICA, BR","-23.433","-46.467","4.0","2020-08-20",,"72",,
"BR00E3-1520","SAO PAULO CUMBICA, BR","-23.433","-46.467","4.0","2020-08-21",,"67",,
"BR00E3-1520","SAO PAULO CUMBICA, BR","-23.433","-46.467","4.0","2020-08-22",,"66",,
"BR00E3-1520","SAO PAULO CUMBICA, BR","-23.433","-46.467","4.0","2020-08-23",,"69",,
"BR00E3-1520","SAO PAULO CUMBICA, BR","-23.433","-46.467","4.0","2020-08-24",,"66",,
"BR00E3-1520","SAO PAULO CUMBICA, BR","-23.433","-46.467","4.0","2020-08-25",,"69",,
"BR00E3-1520","SAO PAULO CUMBICA, BR","-23.433","-46.467","4.0","2020-08-26",,"67",,
"BR00E3-1520","SAO PAULO CUMBICA, BR","-23.433","-46.467","4.0","2020-08-27",,"71",,
"BR00E3-1520","SAO PAULO CUMBICA, BR","-23.433","-46.467","4.0","2020-08-28",,"75",,
"BR00E3-1520","SAO PAULO CUMBICA, BR","-23.433","-46.467","4.0","2020-08-29",,"77",,
"BR00E3-1520","SAO PAULO CUMBICA, BR","-23.433","-46.467","4.0","2020-08-30",,"79",,
"BR00E3-1520","SAO PAULO CUMBICA, BR","-23.433","-46.467","4.0","2020-08-31",,"75",,
"BR00E3-1520","SAO PAULO CUMBICA, BR","-23.433","-46.467","4.0","2020-09-01",,"76",,
"BR00E3-1520","SAO PAULO CUMBICA, BR","-23.433","-46.467","4.0","2020-09-02",,"74",,
"BR00E3-1520","SAO PAULO CUMBICA, BR","-23.433","-46.467","4.0","2020-09-03",,"77",,
"BR00E3-1520","SAO PAULO CUMBICA, BR","-23.433","-46.467","4.0","2020-09-04",,"81",,
"BR00E3-1520","SAO PAULO CUMBICA, BR","-23.433","-46.467","4.0","2020-09-05",,"76",,
"BR00E3-1520","SAO PAULO CUMBICA, BR","-23.433","-46.467","4.0","2020-09-06",,"77",,
"BR00E3-1520","SAO PAULO CUMBICA, BR","-23.433","-46.467","4.0","2020-09-07",,"76",,
"BR00E3-1520","SAO PAULO CUMBICA, BR","-23.433","-46.467","4.0","2020-09-08",,"78",,
"BR00E3-1520","SAO PAULO CUMBICA, BR","-23.433","-46.467","4.0","2020-09-09",,"77",,
"BR00E3-1520","SAO PAULO CUMBICA, BR","-23.433","-46.467","4.0","2020-09-10",,"77",,
"BR00E3-1520","SAO PAULO CUMBICA, BR","-23.433","-46.467","4.0","2020-09-11",,"76",,
"BR00E3-1520","SAO PAULO CUMBICA, BR","-23.433","-46.467","4.0","2020-09-12",,"80",,
"BR00E3-1520","SAO PAULO CUMBICA, BR","-23.433","-46.467","4.0","2020-09-13",,"78",,
"BR00E3-1520","SAO PAULO CUMBICA, BR","-23.433","-46.467","4.0","2020-09-14",,"79",,
"BR00E3-1520","SAO PAULO CUMBICA, BR","-23.433","-46.467","4.0","2020-09-15",,"76",,
"BR00E3-1520","SAO PAULO CUMBICA, BR","-23.433","-46.467","4.0","2020-09-16",,"76",,
"BR00E3-1520","SAO PAULO CUMBICA, BR","-23.433","-46.467","4.0","2020-09-17",,"77",,
"BR00E3-1520","SAO PAULO CUMBICA, BR","-23.433","-46.467","4.0","2020-09-18",,"76",,
"BR00E3-1520","SAO PAULO CUMBICA, BR","-23.433","-46.467","4.0","2020-09-19",,"79",,
"BR00E3-1520","SAO PAULO CUMBICA, BR","-23.433","-46.467","4.0","2020-09-20",,"74",,
"BR00E3-1520","SAO PAULO CUMBICA, BR","-23.433","-46.467","4.0","2020-09-21",,"74",,
"BR00E3-1520","SAO PAULO CUMBICA, BR","-23.433","-46.467","4.0","2020-09-22",,"69",,
"BR00E3-1520","SAO PAULO CUMBICA, BR","-23.433","-46.467","4.0","2020-09-23",,"72",,
"BR00E3-1520","SAO PAULO CUMBICA, BR","-23.433","-46.467","4.0","2020-09-24",,"73",,
"BR00E3-1520","SAO PAULO CUMBICA, BR","-23.433","-46.467","4.0","2020-09-25",,"77",,
"BR00E3-1520","SAO PAULO CUMBICA, BR","-23.433","-46.467","4.0","2020-09-26",,"77",,
"BR00E3-1520","SAO PAULO CUMBICA, BR","-23.433","-46.467","4.0","2020-09-27",,"83",,
"BR00E3-1520","SAO PAULO CUMBICA, BR","-23.433","-46.467","4.0","2020-09-28",,"79",,
"BR00E3-1520","SAO PAULO CUMBICA, BR","-23.433","-46.467","4.0","2020-09-29",,"77",,
"BR00E3-1520","SAO PAULO CUMBICA, BR","-23.433","-46.467","4.0","2020-09-30",,"78",,
"BR00E3-1520","SAO PAULO CUMBICA, BR","-23.433","-46.467","4.0","2020-10-01",,"80",,
"BR00E3-1520","SAO PAULO CUMBICA, BR","-23.433","-46.467","4.0","2020-10-02",,"83",,
"BR00E3-1520","SAO PAULO CUMBICA, BR","-23.433","-46.467","4.0","2020-10-03",,"78",,
"BR00E3-1520","SAO PAULO CUMBICA, BR","-23.433","-46.467","4.0","2020-10-04",,"75",,
"BR00E3-1520","SAO PAULO CUMBICA, BR","-23.433","-46.467","4.0","2020-10-05",,"74",,
"BR00E3-1520","SAO PAULO CUMBICA, BR","-23.433","-46.467","4.0","2020-10-06",,"82",,
"BR00E3-1520","SAO PAULO CUMBICA, BR","-23.433","-46.467","4.0","2020-10-07",,"77",,
"BR00E3-1520","SAO PAULO CUMBICA, BR","-23.433","-46.467","4.0","2020-10-08",,"75",,
"BR00E3-1520","SAO PAULO CUMBICA, BR","-23.433","-46.467","4.0","2020-10-09",,"75",,
"BR00E3-1520","SAO PAULO CUMBICA, BR","-23.433","-46.467","4.0","2020-10-10",,"76",,
"BR00E3-1520","SAO PAULO CUMBICA, BR","-23.433","-46.467","4.0","2020-10-11",,"74",,
"BR00E3-1520","SAO PAULO CUMBICA, BR","-23.433","-46.467","4.0","2020-10-12",,"74",,
"BR00E3-1520","SAO PAULO CUMBICA, BR","-23.433","-46.467","4.0","2020-10-13",,"79",,
"BR00E3-1520","SAO PAULO CUMBICA, BR","-23.433","-46.467","4.0","2020-10-14",,"80",,
"BR00E3-1520","SAO PAULO CUMBICA, BR","-23.433","-46.467","4.0","2020-10-15",,"76",,
"BR00E3-1520","SAO PAULO CUMBICA, BR","-23.433","-46.467","4.0","2020-10-16",,"72",,
"BR00E3-1520","SAO PAULO CUMBICA, BR","-23.433","-46.467","4.0","2020-10-17",,"74",,
"BR00E3-1520","SAO PAULO CUMBICA, BR","-23.433","-46.467","4.0","2020-10-18",,"75",,
"BR00E3-1520","SAO PAULO CUMBICA, BR","-23.433","-46.467","4.0","2020-10-19",,"76",,
"BR00E3-1520","SAO PAULO CUMBICA, BR","-23.433","-46.467","4.0","2020-10-20",,"77",,
"BR00E3-1520","SAO PAULO CUMBICA, BR","-23.433","-46.467","4.0","2020-10-21",,"77",,
"BR00E3-1520","SAO PAULO CUMBICA, BR","-23.433","-46.467","4.0","2020-10-22",,"77",,
"BR00E3-1520","SAO PAULO CUMBICA, BR","-23.433","-46.467","4.0","2020-10-23",,"76",,
"BR00E3-1520","SAO PAULO CUMBICA, BR","-23.433","-46.467","4.0","2020-10-24",,"73",,
"BR00E3-1520","SAO PAULO CUMBICA, BR","-23.433","-46.467","4.0","2020-10-25",,"74",,
"BR00E3-1520","SAO PAULO CUMBICA, BR","-23.433","-46.467","4.0","2020-10-26",,"76",,
"BR00E3-1520","SAO PAULO CUMBICA, BR","-23.433","-46.467","4.0","2020-10-27",,"77",,
"BR00E3-1520","SAO PAULO CUMBICA, BR","-23.433","-46.467","4.0","2020-10-28",,"82",,
"BR00E3-1520","SAO PAULO CUMBICA, BR","-23.433","-46.467","4.0","2020-10-29",,"78",,
"BR00E3-1520","SAO PAULO CUMBICA, BR","-23.433","-46.467","4.0","2020-10-30",,"77",,
"BR00E3-1520","SAO PAULO CUMBICA, BR","-23.433","-46.467","4.0","2020-10-31",,"70",,
"BR00E3-1520","SAO PAULO CUMBICA, BR","-23.433","-46.467","4.0","2020-11-01",,"73",,
"BR00E3-1520","SAO PAULO CUMBICA, BR","-23.433","-46.467","4.0","2020-11-02",,"72",,
"BR00E3-1520","SAO PAULO CUMBICA, BR","-23.433","-46.467","4.0","2020-11-03",,"73",,
"BR00E3-1520","SAO PAULO CUMBICA, BR","-23.433","-46.467","4.0","2020-11-04",,"72",,
"BR00E3-1520","SAO PAULO CUMBICA, BR","-23.433","-46.467","4.0","2020-11-05",,"73",,
"BR00E3-1520","SAO PAULO CUMBICA, BR","-23.433","-46.467","4.0","2020-11-06",,"71",,
"BR00E3-1520","SAO PAULO CUMBICA, BR","-23.433","-46.467","4.0","2020-11-07",,"74",,
"BR00E3-1520","SAO PAULO CUMBICA, BR","-23.433","-46.467","4.0","2020-11-08",,"75",,
"BR00E3-1520","SAO PAULO CUMBICA, BR","-23.433","-46.467","4.0","2020-11-09",,"78",,
"BR00E3-1520","SAO PAULO CUMBICA, BR","-23.433","-46.467","4.0","2020-11-10",,"77",,
"BR00E3-1520","SAO PAULO CUMBICA, BR","-23.433","-46.467","4.0","2020-11-11",,"79",,
"BR00E3-1520","SAO PAULO CUMBICA, BR","-23.433","-46.467","4.0","2020-11-12",,"80",,
"BR00E3-1520","SAO PAULO CUMBICA, BR","-23.433","-46.467","4.0","2020-11-13",,"80",,
"BR00E3-1520","SAO PAULO CUMBICA, BR","-23.433","-46.467","4.0","2020-11-14",,"79",,
"BR00E3-1520","SAO PAULO CUMBICA, BR","-23.433","-46.467","4.0","2020-11-15",,"81",,
"BR00E3-1520","SAO PAULO CUMBICA, BR","-23.433","-46.467","4.0","2020-11-16",,"80",,
"BR00E3-1520","SAO PAULO CUMBICA, BR","-23.433","-46.467","4.0","2020-11-17",,"80",,
"BR00E3-1520","SAO PAULO CUMBICA, BR","-23.433","-46.467","4.0","2020-11-18",,"74",,
"BR00E3-1520","SAO PAULO CUMBICA, BR","-23.433","-46.467","4.0","2020-11-19",,"76",,
"BR00E3-1520","SAO PAULO CUMBICA, BR","-23.433","-46.467","4.0","2020-11-20",,"74",,
"BR00E3-1520","SAO PAULO CUMBICA, BR","-23.433","-46.467","4.0","2020-11-21",,"75",,
"BR00E3-1520","SAO PAULO CUMBICA, BR","-23.433","-46.467","4.0","2020-11-22",,"75",,
